sample_id,cluster_name,methylation_rate,total_observed_cpg,cell_type,treatment,subgroup,tissue,age
GSM2833215,0,0.244856215,31275855.0,TE,,,Embryo,
GSM2833218,0,0.230813606,27433042.0,TE,,,Embryo,
GSM2833214,0,0.235591693,23979373.0,TE,,,Embryo,
GSM2833189,0,0.22461103,11202574.0,TE,,,Embryo,
GSM2833213,0,0.244553504,27314191.0,TE,,,Embryo,
GSM2833221,0,0.236457824,27989354.0,TE,,,Embryo,
GSM2833206,0,0.235295415,16639247.0,TE,,,Embryo,
GSM2833196,0,0.224567447,27791555.0,TE,,,Embryo,
GSM2833191,0,0.235751289,27183360.0,TE,,,Embryo,
GSM2833203,0,0.216099915,41110340.0,TE,,,Embryo,
GSM2833166,0,0.235855251,23268603.0,ICM,,,Embryo,
GSM2833168,0,0.222401766,10620054.0,ICM,,,Embryo,
GSM2833137,1,0.278200206,24990525.0,ICM,,,Embryo,
GSM2833220,1,0.254590109,14637998.0,TE,,,Embryo,
GSM2833192,1,0.267637168,24947092.0,TE,,,Embryo,
GSM2833111,1,0.281220394,28808518.0,8-cell embryo,,,Embryo,
GSM2833217,1,0.25418818,26621779.0,TE,,,Embryo,
GSM2833216,1,0.275605283,18936372.0,TE,,,Embryo,
GSM2833202,1,0.260603084,25409948.0,TE,,,Embryo,
GSM2833205,1,0.273717865,20926374.0,TE,,,Embryo,
GSM2833212,1,0.257334272,16103816.0,TE,,,Embryo,
GSM2833211,1,0.272419041,21742718.0,TE,,,Embryo,
GSM2833210,1,0.266316405,20657034.0,TE,,,Embryo,
GSM2833138,1,0.277790879,10630102.0,ICM,,,Embryo,
GSM2833209,1,0.255851897,25653196.0,TE,,,Embryo,
GSM2833194,1,0.281944348,16092927.0,TE,,,Embryo,
GSM2833195,1,0.257041574,29507848.0,TE,,,Embryo,
GSM2833114,1,0.27945775,17876858.0,Morula,,,Embryo,
GSM2833197,1,0.269212939,29033945.0,TE,,,Embryo,
GSM2833122,1,0.284456443,32769699.0,Morula,,,Embryo,
GSM2833140,1,0.284755092,21520199.0,ICM,,,Embryo,
GSM2833190,1,0.271461813,21991379.0,TE,,,Embryo,
GSM2833169,1,0.260637081,10763292.0,ICM,,,Embryo,
GSM2833167,1,0.284183696,16938094.0,ICM,,,Embryo,
GSM2833181,1,0.275638947,27516461.0,ICM,,,Embryo,
GSM2833201,1,0.282825419,22392441.0,TE,,,Embryo,
GSM2833187,1,0.280014679,15986581.0,TE,,,Embryo,
GSM2833151,1,0.271840681,26306047.0,ICM,,,Embryo,
GSM2833150,1,0.267499229,14668484.0,ICM,,,Embryo,
GSM2833200,1,0.253186741,21107979.0,TE,,,Embryo,
GSM2833147,1,0.28083015,12610970.0,ICM,,,Embryo,
GSM2833038,1,0.276207836,16176124.0,4-cell embryo,,,Embryo,
GSM2833146,1,0.274410261,22972282.0,ICM,,,Embryo,
GSM2833039,1,0.264748906,11175730.0,4-cell embryo,,,Embryo,
GSM2833144,1,0.266822131,27870645.0,ICM,,,Embryo,
GSM2833148,1,0.26406998,16739491.0,ICM,,,Embryo,
GSM2833193,2,0.292096955,16301039.0,TE,,,Embryo,
GSM2833174,2,0.288881151,20706324.0,ICM,,,Embryo,
GSM2833199,2,0.293604649,15084255.0,TE,,,Embryo,
GSM2833055,2,0.307582598,9943309.0,4-cell embryo,,,Embryo,
GSM2833176,2,0.286609888,19709048.0,ICM,,,Embryo,
GSM2833175,2,0.289034122,18338038.0,ICM,,,Embryo,
GSM2833178,2,0.296131774,31226852.0,ICM,,,Embryo,
GSM2833179,2,0.29920679,30277784.0,ICM,,,Embryo,
GSM2833183,2,0.303573994,22301465.0,ICM,,,Embryo,
GSM2833188,2,0.288620963,12677525.0,TE,,,Embryo,
GSM2833088,2,0.305557948,17774618.0,8-cell embryo,,,Embryo,
GSM2833048,2,0.305113404,10157341.0,4-cell embryo,,,Embryo,
GSM2833120,2,0.30094107,28023220.0,Morula,,,Embryo,
GSM2833149,2,0.294793696,21982715.0,ICM,,,Embryo,
GSM2833226,2,0.287523367,9577488.0,TE,,,Embryo,
GSM2833232,2,0.307696452,20620630.0,TE,,,Embryo,
GSM2833170,2,0.300143483,12190603.0,ICM,,,Embryo,
GSM2833222,2,0.300181772,8210891.0,TE,,,Embryo,
GSM2833227,2,0.294035123,7574022.0,TE,,,Embryo,
GSM2833145,2,0.301228138,23278914.0,ICM,,,Embryo,
GSM2833143,2,0.293199928,27064340.0,ICM,,,Embryo,
GSM2833230,2,0.294932751,20047423.0,TE,,,Embryo,
GSM2833139,2,0.287690258,19785028.0,ICM,,,Embryo,
GSM2833219,2,0.293625923,24612620.0,TE,,,Embryo,
GSM2833171,2,0.295283737,17121339.0,ICM,,,Embryo,
GSM2833207,2,0.291905125,17270080.0,TE,,,Embryo,
GSM2833116,2,0.302857328,32886338.0,Morula,,,Embryo,
GSM2833115,2,0.298060114,29890476.0,Morula,,,Embryo,
GSM2833142,2,0.289388805,31900384.0,ICM,,,Embryo,
GSM2833079,3,0.315431045,10400599.0,8-cell embryo,,,Embryo,
GSM2833077,3,0.329548117,13813924.0,8-cell embryo,,,Embryo,
GSM2833069,3,0.328842897,8871734.0,8-cell embryo,,,Embryo,
GSM2833234,3,0.312244188,19957497.0,TE,,,Embryo,
GSM2833233,3,0.324345639,21276833.0,TE,,,Embryo,
GSM2833072,3,0.32693308,16215655.0,8-cell embryo,,,Embryo,
GSM2833198,3,0.317109979,24273100.0,TE,,,Embryo,
GSM2833184,3,0.317711649,27078767.0,ICM,,,Embryo,
GSM2833182,3,0.322775138,22249173.0,ICM,,,Embryo,
GSM2833224,3,0.315851597,8310298.0,TE,,,Embryo,
GSM2833204,3,0.32059645,29274964.0,TE,,,Embryo,
GSM2833185,3,0.320647167,17635294.0,ICM,,,Embryo,
GSM2833186,3,0.311414814,17220025.0,ICM,,,Embryo,
GSM2833223,3,0.323567747,17343352.0,TE,,,Embryo,
GSM2833080,3,0.309675462,16988465.0,8-cell embryo,,,Embryo,
GSM2833225,3,0.330492407,6336133.0,TE,,,Embryo,
GSM2833081,3,0.321197656,14720634.0,8-cell embryo,,,Embryo,
GSM2833091,3,0.317244692,21064919.0,8-cell embryo,,,Embryo,
GSM2833160,3,0.323185538,12036395.0,ICM,,,Embryo,
GSM2833119,3,0.324598152,28101030.0,Morula,,,Embryo,
GSM2833118,3,0.325082451,21869742.0,Morula,,,Embryo,
GSM2833112,3,0.313479068,21467529.0,Morula,,,Embryo,
GSM2833024,3,0.328652373,11957366.0,2-cell embryo,,,Embryo,
GSM2833154,3,0.317032544,8185955.0,ICM,,,Embryo,
GSM2833155,3,0.328318861,14445779.0,ICM,,,Embryo,
GSM2833157,3,0.313564969,6484948.0,ICM,,,Embryo,
GSM2833035,3,0.329633934,11070556.0,2-cell embryo,,,Embryo,
GSM2833128,3,0.328120915,20344429.0,Morula,,,Embryo,
GSM2833102,3,0.326807298,12333785.0,8-cell embryo,,,Embryo,
GSM2833047,3,0.310982675,12887644.0,4-cell embryo,,,Embryo,
GSM2833093,3,0.315449186,16941749.0,8-cell embryo,,,Embryo,
GSM2833121,3,0.323736579,23847727.0,Morula,,,Embryo,
GSM2833132,3,0.322916887,19131558.0,Morula,,,Embryo,
GSM2833059,3,0.312278646,6296124.0,4-cell embryo,,,Embryo,
GSM2833164,3,0.315867867,21502311.0,ICM,,,Embryo,
GSM2833163,3,0.325928221,14776519.0,ICM,,,Embryo,
GSM2833089,3,0.310745007,16079995.0,8-cell embryo,,,Embryo,
GSM2833056,3,0.324663811,15380976.0,4-cell embryo,,,Embryo,
GSM2833117,4,0.334022462,22109420.0,Morula,,,Embryo,
GSM2833113,4,0.340794666,15436142.0,Morula,,,Embryo,
GSM2833078,4,0.343351451,14575768.0,8-cell embryo,,,Embryo,
GSM2833057,4,0.343143738,2221632.0,4-cell embryo,,,Embryo,
GSM2833156,4,0.339533863,16655644.0,ICM,,,Embryo,
GSM2833029,4,0.335762316,10780924.0,2-cell embryo,,,Embryo,
GSM2833030,4,0.347742902,17714316.0,2-cell embryo,,,Embryo,
GSM2833173,4,0.336720591,12658567.0,ICM,,,Embryo,
GSM2833123,4,0.336847643,21527406.0,Morula,,,Embryo,
GSM2833050,4,0.343543656,3979078.0,4-cell embryo,,,Embryo,
GSM2833104,4,0.346267159,14921823.0,8-cell embryo,,,Embryo,
GSM2833162,4,0.344486625,19113517.0,ICM,,,Embryo,
GSM2833073,4,0.34256196,10319213.0,8-cell embryo,,,Embryo,
GSM2833075,4,0.342270036,11179976.0,8-cell embryo,,,Embryo,
GSM2833043,4,0.342701534,15112443.0,4-cell embryo,,,Embryo,
GSM2833044,4,0.340079015,14439147.0,4-cell embryo,,,Embryo,
GSM2833045,4,0.342386279,7836955.0,4-cell embryo,,,Embryo,
GSM2833046,4,0.34255673,6118528.0,4-cell embryo,,,Embryo,
GSM2833177,4,0.333077846,24969802.0,ICM,,,Embryo,
GSM2833092,4,0.33882402,21443813.0,8-cell embryo,,,Embryo,
GSM2833180,4,0.330972699,24756105.0,ICM,,,Embryo,
GSM2833126,4,0.335590979,28672355.0,Morula,,,Embryo,
GSM2833134,5,0.371461683,25808355.0,Morula,,,Embryo,
GSM2833136,5,0.374404388,21115317.0,Morula,,,Embryo,
GSM2833083,5,0.358061069,12149559.0,8-cell embryo,,,Embryo,
GSM2833159,5,0.36540449,17639950.0,ICM,,,Embryo,
GSM2833074,5,0.356214878,12891645.0,8-cell embryo,,,Embryo,
GSM2833161,5,0.366253266,6716453.0,ICM,,,Embryo,
GSM2833165,5,0.365281398,15153656.0,ICM,,,Embryo,
GSM2833158,5,0.350990078,17409803.0,ICM,,,Embryo,
GSM2833131,5,0.352299708,18867837.0,Morula,,,Embryo,
GSM2833110,5,0.354909154,15388762.0,8-cell embryo,,,Embryo,
GSM2833127,5,0.376778002,18395945.0,Morula,,,Embryo,
GSM2833085,5,0.356476588,18177128.0,8-cell embryo,,,Embryo,
GSM2833087,5,0.352815454,17606666.0,8-cell embryo,,,Embryo,
GSM2833076,5,0.350095465,14621828.0,8-cell embryo,,,Embryo,
GSM2833090,5,0.35805821,17203870.0,8-cell embryo,,,Embryo,
GSM2833071,5,0.356733076,32655344.0,8-cell embryo,,,Embryo,
GSM2833094,5,0.370178786,26648742.0,8-cell embryo,,,Embryo,
GSM2833096,5,0.355759301,14040827.0,8-cell embryo,,,Embryo,
GSM2833130,5,0.366190616,19896152.0,Morula,,,Embryo,
GSM2833103,5,0.367714274,21160986.0,8-cell embryo,,,Embryo,
GSM2833106,5,0.34943621,25085522.0,8-cell embryo,,,Embryo,
GSM2833107,5,0.360563998,11619209.0,8-cell embryo,,,Embryo,
GSM2833108,5,0.374856772,15267217.0,8-cell embryo,,,Embryo,
GSM2833109,5,0.36249532,17802926.0,8-cell embryo,,,Embryo,
GSM2833082,5,0.374936557,12185204.0,8-cell embryo,,,Embryo,
GSM2833124,5,0.361888778,16152789.0,Morula,,,Embryo,
GSM2833125,5,0.352785067,23719244.0,Morula,,,Embryo,
GSM2833105,5,0.348790876,15000175.0,8-cell embryo,,,Embryo,
GSM2833070,5,0.359031849,27559612.0,8-cell embryo,,,Embryo,
GSM2833172,5,0.358203729,19835018.0,ICM,,,Embryo,
GSM2833049,5,0.361166752,11184991.0,4-cell embryo,,,Embryo,
GSM2833228,5,0.357964924,16467368.0,TE,,,Embryo,
GSM2833037,5,0.365637257,16587912.0,2-cell embryo,,,Embryo,
GSM2833032,5,0.368629467,21580403.0,2-cell embryo,,,Embryo,
GSM2833031,5,0.360406263,16955055.0,2-cell embryo,,,Embryo,
GSM2833068,5,0.356797138,19619075.0,8-cell embryo,,,Embryo,
GSM2833067,5,0.357782484,19302272.0,8-cell embryo,,,Embryo,
GSM2833065,5,0.375157998,12499034.0,8-cell embryo,,,Embryo,
GSM2833229,5,0.352061061,19814426.0,TE,,,Embryo,
GSM2833064,5,0.357161198,10164835.0,8-cell embryo,,,Embryo,
GSM2833041,5,0.378552732,7009980.0,4-cell embryo,,,Embryo,
GSM2833060,5,0.351755696,14932614.0,4-cell embryo,,,Embryo,
GSM2833042,5,0.358779606,12434150.0,4-cell embryo,,,Embryo,
GSM2833052,5,0.375067579,24940234.0,4-cell embryo,,,Embryo,
GSM2833040,5,0.362614499,13721561.0,4-cell embryo,,,Embryo,
GSM2833231,5,0.369025977,18615870.0,TE,,,Embryo,
GSM2833097,6,0.387935169,20723353.0,8-cell embryo,,,Embryo,
GSM2833095,6,0.391373291,14119744.0,8-cell embryo,,,Embryo,
GSM2833066,6,0.39348663,13171072.0,8-cell embryo,,,Embryo,
GSM2833086,6,0.388729413,20363496.0,8-cell embryo,,,Embryo,
GSM2833058,6,0.382827568,18326122.0,4-cell embryo,,,Embryo,
GSM2833054,6,0.403346302,30618236.0,4-cell embryo,,,Embryo,
GSM2833098,6,0.403378887,13027646.0,8-cell embryo,,,Embryo,
GSM2833099,6,0.38559181,14155301.0,8-cell embryo,,,Embryo,
GSM2833100,6,0.388753825,13661945.0,8-cell embryo,,,Embryo,
GSM2833129,6,0.386903978,12450936.0,Morula,,,Embryo,
GSM2991557,6,0.398074377,11121959.0,8-cell embryo,,,Embryo,
GSM2991560,6,0.401736077,8592468.0,8-cell embryo,,,Embryo,
GSM2833051,6,0.388340443,17883923.0,4-cell embryo,,,Embryo,
GSM2991563,6,0.388092624,7905521.0,8-cell embryo,,,Embryo,
GSM2991564,6,0.396161046,14094629.0,8-cell embryo,,,Embryo,
GSM2991562,6,0.406579493,7717520.0,8-cell embryo,,,Embryo,
GSM2833101,6,0.393991237,16039651.0,8-cell embryo,,,Embryo,
GSM2991565,6,0.383272626,15521042.0,8-cell embryo,,,Embryo,
GSM2833019,7,0.448042998,16227319.0,Zygote,,,Embryo,
GSM2833020,7,0.425926107,11688809.0,Zygote,,,Embryo,
GSM2833016,7,0.410906142,13661095.0,Zygote,,,Embryo,
GSM2991553,7,0.43627584,16709675.0,7-cell embryo,,,Embryo,
GSM2833015,7,0.419230412,9521879.0,Zygote,,,Embryo,
GSM2833014,7,0.439712491,14740480.0,Zygote,,,Embryo,
GSM2833028,7,0.417951219,20732130.0,2-cell embryo,,,Embryo,
GSM2833133,7,0.445528455,22366501.0,Morula,,,Embryo,
GSM2991554,7,0.447252001,17144639.0,8-cell embryo,,,Embryo,
GSM2833027,7,0.430351356,10987439.0,2-cell embryo,,,Embryo,
GSM2833084,7,0.413118009,19133955.0,8-cell embryo,,,Embryo,
GSM2991559,7,0.440592006,10925601.0,8-cell embryo,,,Embryo,
GSM2991561,7,0.412567995,22060362.0,8-cell embryo,,,Embryo,
GSM2991566,7,0.436069199,4971584.0,8-cell embryo,,,Embryo,
GSM2991556,7,0.415006388,12083697.0,8-cell embryo,,,Embryo,
GSM2833053,7,0.432168328,20370990.0,4-cell embryo,,,Embryo,
GSM2991568,7,0.449726714,14355067.0,8-cell embryo,,,Embryo,
GSM2991555,7,0.42404387,7583414.0,8-cell embryo,,,Embryo,
GSM2991552,7,0.422959501,13033890.0,7-cell embryo,,,Embryo,
GSM2991551,7,0.450584456,11561901.0,6-cell embryo,,,Embryo,
GSM2833208,7,0.43651611,12919134.0,TE,,,Embryo,
GSM2833063,7,0.418067651,12330581.0,4-cell embryo,,,Embryo,
GSM2833062,7,0.428062678,7582483.0,4-cell embryo,,,Embryo,
GSM2833061,7,0.415390517,14159572.0,4-cell embryo,,,Embryo,
GSM2991567,7,0.433115405,5691807.0,8-cell embryo,,,Embryo,
GSM2991558,8,0.46261653,13679514.0,8-cell embryo,,,Embryo,
GSM2833013,8,0.501681253,12474825.0,MII oocyte,,,Ovary,less than 35 years
GSM2833007,8,0.490650135,10961284.0,MII oocyte,,,Ovary,less than 35 years
GSM2833011,8,0.486672605,11684409.0,MII oocyte,,,Ovary,less than 35 years
GSM2833010,8,0.495552635,8194427.0,MII oocyte,,,Ovary,less than 35 years
GSM2833008,8,0.502809657,15883712.0,MII oocyte,,,Ovary,less than 35 years
GSM2833135,8,0.501878407,27466088.0,Morula,,,Embryo,
GSM2833012,8,0.50588596,8125422.0,MII oocyte,,,Ovary,less than 35 years
GSM2833017,8,0.49849012,13187433.0,Zygote,,,Embryo,
GSM2833005,8,0.495009302,7624649.0,MII oocyte,,,Ovary,less than 35 years
GSM2833021,8,0.497342131,12973911.0,Zygote,,,Embryo,
GSM2991573,8,0.4579144,13469284.0,8-cell embryo,,,Embryo,
GSM2991572,8,0.485068181,15317292.0,8-cell embryo,,,Embryo,
GSM2833034,8,0.461101985,15733669.0,2-cell embryo,,,Embryo,
GSM2833033,8,0.469384376,10564623.0,2-cell embryo,,,Embryo,
GSM2991571,8,0.474301271,12983806.0,8-cell embryo,,,Embryo,
GSM2833036,8,0.518078108,20858038.0,2-cell embryo,,,Embryo,
GSM2833022,8,0.464778851,17813196.0,Zygote,,,Embryo,
GSM2991570,8,0.47492771,9378963.0,8-cell embryo,,,Embryo,
GSM2833023,8,0.481651265,14592719.0,Zygote,,,Embryo,
GSM2833018,8,0.473408996,10696390.0,Zygote,,,Embryo,
GSM2833026,8,0.483005597,23142897.0,2-cell embryo,,,Embryo,
GSM2991569,8,0.467404398,10095399.0,8-cell embryo,,,Embryo,
GSM2833025,8,0.474606665,28286660.0,2-cell embryo,,,Embryo,
GSM2676909,9,0.577522537,18002034.0,Sperm,,,Testis,41 years
GSM2741047,9,0.623380233,14715200.0,Sperm,,,Testis,41 years
GSM2741038,9,0.617278161,27043869.0,Sperm,,,Testis,41 years
GSM2741039,9,0.61026732,19498652.0,Sperm,,,Testis,41 years
GSM2741040,9,0.619397879,20884897.0,Sperm,,,Testis,41 years
GSM2741041,9,0.61867446,23177459.0,Sperm,,,Testis,41 years
GSM2741042,9,0.598953107,21708024.0,Sperm,,,Testis,41 years
GSM2741043,9,0.606070921,19662733.0,Sperm,,,Testis,41 years
GSM2741044,9,0.589135343,17145912.0,Sperm,,,Testis,41 years
GSM2741045,9,0.610728583,11702611.0,Sperm,,,Testis,41 years
GSM2741046,9,0.602194495,17578070.0,Sperm,,,Testis,41 years
GSM2676908,9,0.593720749,16529346.0,Sperm,,,Testis,41 years
GSM2676907,9,0.596426558,15771017.0,Sperm,,,Testis,41 years
GSM2833009,9,0.556708755,12959950.0,MII oocyte,,,Ovary,less than 35 years
GSM2833006,9,0.576612535,10531075.0,MII oocyte,,,Ovary,less than 35 years
GSM2741180,10,0.811528775,22102104.0,ESC,,,Embryo,
GSM2741192,10,0.809868533,25031414.0,ESC,,,Embryo,
GSM2741191,10,0.801875408,22350432.0,ESC,,,Embryo,
GSM2741190,10,0.81193929,20131779.0,ESC,,,Embryo,
GSM2741189,10,0.817496689,21143108.0,ESC,,,Embryo,
GSM2741188,10,0.80529788,28697481.0,ESC,,,Embryo,
GSM2741187,10,0.785330526,12937484.0,ESC,,,Embryo,
GSM2741186,10,0.803657204,24235027.0,ESC,,,Embryo,
GSM2741185,10,0.802192601,20849853.0,ESC,,,Embryo,
GSM2741184,10,0.805030222,23107849.0,ESC,,,Embryo,
GSM2741183,10,0.796857285,16238713.0,ESC,,,Embryo,
GSM2741171,10,0.802210372,17733289.0,ESC,,,Embryo,
GSM2741172,10,0.797886783,22240390.0,ESC,,,Embryo,
GSM2741173,10,0.812272294,29217427.0,ESC,,,Embryo,
GSM2741174,10,0.81718632,15842246.0,ESC,,,Embryo,
GSM2741175,10,0.80942408,22526072.0,ESC,,,Embryo,
GSM2741176,10,0.812844921,20402263.0,ESC,,,Embryo,
GSM2741177,10,0.804110553,22291896.0,ESC,,,Embryo,
GSM2741178,10,0.807100954,16410076.0,ESC,,,Embryo,
GSM2741179,10,0.782720778,16205820.0,ESC,,,Embryo,
GSM2741181,10,0.819738441,22695901.0,ESC,,,Embryo,
GSM2741182,10,0.812778629,14189339.0,ESC,,,Embryo,
